{"cameraMode":{"drawMode":0,"name":"Shaded","section":"Shading Mode"},"sceneLighting":true,"audioPlay":false,"sceneViewState":{"m_AlwaysRefresh":false,"showFog":true,"showSkybox":true,"showFlares":true,"showImageEffects":true,"showParticleSystems":true,"showVisualEffectGraphs":true,"m_FxEnabled":true},"in2DMode":false,"pivot":{"x":-33.944156646728519,"y":1.5676684379577637,"z":-7.131099224090576},"rotation":{"x":0.031745295971632007,"y":0.27236106991767886,"z":-0.008991191163659096,"w":0.9616297483444214},"size":1.958921194076538,"orthographic":false}