{"cameraMode":{"drawMode":0,"name":"Shaded","section":"Shading Mode"},"sceneLighting":true,"audioPlay":false,"sceneViewState":{"m_AlwaysRefresh":false,"showFog":true,"showSkybox":true,"showFlares":true,"showImageEffects":true,"showParticleSystems":true,"showVisualEffectGraphs":true,"m_FxEnabled":true},"in2DMode":false,"pivot":{"x":-8.449970245361329,"y":0.3433378338813782,"z":1.0852751731872559},"rotation":{"x":0.025323893874883653,"y":-0.11639213562011719,"z":-0.0029690524097532036,"w":-0.992879331111908},"size":2.335373640060425,"orthographic":false}